timestamp, name, uuid, pcie.link.width.current, persistence_mode, addressing_mode, vbios_version, inforom.pwr, inforom.oem, gom.current, fan.speed [%], pstate, clocks_event_reasons.active, clocks_event_reasons.gpu_idle, clocks_event_reasons.hw_slowdown, clocks_event_reasons.hw_thermal_slowdown, clocks_event_reasons.hw_power_brake_slowdown, clocks_event_reasons.sw_thermal_slowdown, clocks_event_reasons.sync_boost, memory.total [MiB], memory.reserved [MiB], memory.used [MiB], memory.free [MiB], utilization.gpu [%], utilization.memory [%], utilization.encoder [%], utilization.decoder [%], utilization.jpeg [%], temperature.gpu, temperature.memory, power.draw [W], power.draw.average [W], power.draw.instant [W], power.limit [W], enforced.power.limit [W], power.default_limit [W], clocks.current.graphics [MHz], clocks.current.sm [MHz], clocks.current.memory [MHz], clocks.current.video [MHz], gsp.mode.current
2023/07/14 14:03:23.631, NVIDIA H800, GPU-deb3f1bc-44cc-a622-e825-35a2cfa67c22, 16, Enabled, None, 96.00.61.00.0B, [N/A], 2.1, [N/A], [N/A], P0, 0x0000000000000001, Active, Not Active, Not Active, Not Active, Not Active, Not Active, 81559 MiB, 550 MiB, 4 MiB, 81003 MiB, 0 %, 0 %, 0 %, 0 %, 0 %, 36, 42, 74.86 W, 74.86 W, 74.78 W, 700.00 W, 700.00 W, 700.00 W, 885 MHz, 885 MHz, 2619 MHz, 885 MHz, Enabled
2023/07/14 14:03:26.286, NVIDIA H800, GPU-deb3f1bc-44cc-a622-e825-35a2cfa67c22, 16, Enabled, None, 96.00.61.00.0B, [N/A], 2.1, [N/A], [N/A], P0, 0x0000000000000001, Active, Not Active, Not Active, Not Active, Not Active, Not Active, 81559 MiB, 550 MiB, 4 MiB, 81003 MiB, 0 %, 0 %, 0 %, 0 %, 0 %, 36, 43, 74.76 W, 74.73 W, 74.86 W, 700.00 W, 700.00 W, 700.00 W, 885 MHz, 885 MHz, 2619 MHz, 885 MHz, Enabled
2023/07/14 14:03:27.648, NVIDIA H800, GPU-deb3f1bc-44cc-a622-e825-35a2cfa67c22, 16, Enabled, None, 96.00.61.00.0B, [N/A], 2.1, [N/A], [N/A], P0, 0x0000000000000001, Active, Not Active, Not Active, Not Active, Not Active, Not Active, 81559 MiB, 550 MiB, 4 MiB, 81003 MiB, 0 %, 0 %, 0 %, 0 %, 0 %, 35, 42, 73.86 W, 73.86 W, 71.89 W, 700.00 W, 700.00 W, 700.00 W, 840 MHz, 840 MHz, 2619 MHz, 855 MHz, Enabled
2023/07/14 14:03:29.168, NVIDIA H800, GPU-deb3f1bc-44cc-a622-e825-35a2cfa67c22, 16, Enabled, None, 96.00.61.00.0B, [N/A], 2.1, [N/A], [N/A], P0, 0x0000000000000001, Active, Not Active, Not Active, Not Active, Not Active, Not Active, 81559 MiB, 550 MiB, 4 MiB, 81003 MiB, 0 %, 0 %, 0 %, 0 %, 0 %, 35, 41, 74.50 W, 74.55 W, 74.21 W, 700.00 W, 700.00 W, 700.00 W, 885 MHz, 885 MHz, 2619 MHz, 885 MHz, Enabled
2023/07/14 14:03:30.553, NVIDIA H800, GPU-deb3f1bc-44cc-a622-e825-35a2cfa67c22, 16, Enabled, None, 96.00.61.00.0B, [N/A], 2.1, [N/A], [N/A], P0, 0x0000000000000001, Active, Not Active, Not Active, Not Active, Not Active, Not Active, 81559 MiB, 550 MiB, 4 MiB, 81003 MiB, 0 %, 0 %, 0 %, 0 %, 0 %, 35, 41, 73.99 W, 73.99 W, 74.86 W, 700.00 W, 700.00 W, 700.00 W, 885 MHz, 885 MHz, 2619 MHz, 870 MHz, Enabled
2023/07/14 14:03:32.004, NVIDIA H800, GPU-deb3f1bc-44cc-a622-e825-35a2cfa67c22, 16, Enabled, None, 96.00.61.00.0B, [N/A], 2.1, [N/A], [N/A], P0, 0x0000000000000001, Active, Not Active, Not Active, Not Active, Not Active, Not Active, 81559 MiB, 550 MiB, 4 MiB, 81003 MiB, 0 %, 0 %, 0 %, 0 %, 0 %, 35, 41, 74.51 W, 74.51 W, 74.46 W, 700.00 W, 700.00 W, 700.00 W, 840 MHz, 840 MHz, 2619 MHz, 885 MHz, Enabled
2023/07/14 14:03:33.310, NVIDIA H800, GPU-deb3f1bc-44cc-a622-e825-35a2cfa67c22, 16, Enabled, None, 96.00.61.00.0B, [N/A], 2.1, [N/A], [N/A], P0, 0x0000000000000001, Active, Not Active, Not Active, Not Active, Not Active, Not Active, 81559 MiB, 550 MiB, 4 MiB, 81003 MiB, 0 %, 0 %, 0 %, 0 %, 0 %, 35, 42, 73.86 W, 73.91 W, 74.46 W, 700.00 W, 700.00 W, 700.00 W, 885 MHz, 885 MHz, 2619 MHz, 885 MHz, Enabled
2023/07/14 14:03:34.764, NVIDIA H800, GPU-deb3f1bc-44cc-a622-e825-35a2cfa67c22, 16, Enabled, None, 96.00.61.00.0B, [N/A], 2.1, [N/A], [N/A], P0, 0x0000000000000001, Active, Not Active, Not Active, Not Active, Not Active, Not Active, 81559 MiB, 550 MiB, 4 MiB, 81003 MiB, 0 %, 0 %, 0 %, 0 %, 0 %, 35, 42, 74.50 W, 74.50 W, 74.46 W, 700.00 W, 700.00 W, 700.00 W, 885 MHz, 885 MHz, 2619 MHz, 885 MHz, Enabled
2023/07/14 14:03:36.219, NVIDIA H800, GPU-deb3f1bc-44cc-a622-e825-35a2cfa67c22, 16, Enabled, None, 96.00.61.00.0B, [N/A], 2.1, [N/A], [N/A], P0, 0x0000000000000001, Active, Not Active, Not Active, Not Active, Not Active, Not Active, 81559 MiB, 550 MiB, 4 MiB, 81003 MiB, 0 %, 0 %, 0 %, 0 %, 0 %, 35, 41, 74.48 W, 74.48 W, 74.46 W, 700.00 W, 700.00 W, 700.00 W, 885 MHz, 885 MHz, 2619 MHz, 885 MHz, Enabled
2023/07/14 14:03:38.015, NVIDIA H800, GPU-deb3f1bc-44cc-a622-e825-35a2cfa67c22, 16, Enabled, None, 96.00.61.00.0B, [N/A], 2.1, [N/A], [N/A], P0, 0x0000000000000001, Active, Not Active, Not Active, Not Active, Not Active, Not Active, 81559 MiB, 550 MiB, 4 MiB, 81003 MiB, 0 %, 0 %, 0 %, 0 %, 0 %, 35, 41, 74.36 W, 74.36 W, 74.46 W, 700.00 W, 700.00 W, 700.00 W, 885 MHz, 885 MHz, 2619 MHz, 885 MHz, Enabled
2023/07/14 14:03:39.534, NVIDIA H800, GPU-deb3f1bc-44cc-a622-e825-35a2cfa67c22, 16, Enabled, None, 96.00.61.00.0B, [N/A], 2.1, [N/A], [N/A], P0, 0x0000000000000001, Active, Not Active, Not Active, Not Active, Not Active, Not Active, 81559 MiB, 550 MiB, 4 MiB, 81003 MiB, 0 %, 0 %, 0 %, 0 %, 0 %, 34, 41, 74.59 W, 74.56 W, 74.21 W, 700.00 W, 700.00 W, 700.00 W, 885 MHz, 885 MHz, 2619 MHz, 885 MHz, Enabled
2023/07/14 14:03:40.923, NVIDIA H800, GPU-deb3f1bc-44cc-a622-e825-35a2cfa67c22, 16, Enabled, None, 96.00.61.00.0B, [N/A], 2.1, [N/A], [N/A], P0, 0x0000000000000001, Active, Not Active, Not Active, Not Active, Not Active, Not Active, 81559 MiB, 550 MiB, 4 MiB, 81003 MiB, 0 %, 0 %, 0 %, 0 %, 0 %, 34, 41, 74.07 W, 74.07 W, 74.53 W, 700.00 W, 700.00 W, 700.00 W, 885 MHz, 885 MHz, 2619 MHz, 885 MHz, Enabled
2023/07/14 14:03:42.548, NVIDIA H800, GPU-deb3f1bc-44cc-a622-e825-35a2cfa67c22, 16, Enabled, None, 96.00.61.00.0B, [N/A], 2.1, [N/A], [N/A], P0, 0x0000000000000001, Active, Not Active, Not Active, Not Active, Not Active, Not Active, 81559 MiB, 550 MiB, 5 MiB, 81003 MiB, 0 %, 0 %, 0 %, 0 %, 0 %, 34, 41, 74.61 W, 74.55 W, 74.21 W, 700.00 W, 700.00 W, 700.00 W, 885 MHz, 840 MHz, 2619 MHz, 885 MHz, Enabled
2023/07/14 14:03:43.902, NVIDIA H800, GPU-deb3f1bc-44cc-a622-e825-35a2cfa67c22, 16, Enabled, None, 96.00.61.00.0B, [N/A], 2.1, [N/A], [N/A], P0, 0x0000000000000001, Active, Not Active, Not Active, Not Active, Not Active, Not Active, 81559 MiB, 550 MiB, 5 MiB, 81002 MiB, 0 %, 0 %, 0 %, 0 %, 0 %, 34, 41, 74.25 W, 74.19 W, 74.21 W, 700.00 W, 700.00 W, 700.00 W, 840 MHz, 840 MHz, 2619 MHz, 885 MHz, Enabled
2023/07/14 14:03:45.344, NVIDIA H800, GPU-deb3f1bc-44cc-a622-e825-35a2cfa67c22, 16, Enabled, None, 96.00.61.00.0B, [N/A], 2.1, [N/A], [N/A], P0, 0x0000000000000001, Active, Not Active, Not Active, Not Active, Not Active, Not Active, 81559 MiB, 550 MiB, 7 MiB, 81000 MiB, 0 %, 0 %, 0 %, 0 %, 0 %, 34, 41, 74.40 W, 74.16 W, 71.81 W, 700.00 W, 700.00 W, 700.00 W, 885 MHz, 885 MHz, 2619 MHz, 870 MHz, Enabled
2023/07/14 14:03:46.689, NVIDIA H800, GPU-deb3f1bc-44cc-a622-e825-35a2cfa67c22, 16, Enabled, None, 96.00.61.00.0B, [N/A], 2.1, [N/A], [N/A], P0, 0x0000000000000001, Active, Not Active, Not Active, Not Active, Not Active, Not Active, 81559 MiB, 550 MiB, 7 MiB, 81000 MiB, 0 %, 0 %, 0 %, 0 %, 0 %, 34, 41, 73.50 W, 73.50 W, 71.81 W, 700.00 W, 700.00 W, 700.00 W, 885 MHz, 825 MHz, 2619 MHz, 900 MHz, Enabled
2023/07/14 14:03:48.295, NVIDIA H800, GPU-deb3f1bc-44cc-a622-e825-35a2cfa67c22, 16, Enabled, None, 96.00.61.00.0B, [N/A], 2.1, [N/A], [N/A], P0, 0x0000000000000001, Active, Not Active, Not Active, Not Active, Not Active, Not Active, 81559 MiB, 550 MiB, 7 MiB, 81000 MiB, 0 %, 0 %, 0 %, 0 %, 0 %, 34, 41, 74.46 W, 74.49 W, 74.46 W, 700.00 W, 700.00 W, 700.00 W, 885 MHz, 885 MHz, 2619 MHz, 870 MHz, Enabled
2023/07/14 14:03:49.977, NVIDIA H800, GPU-deb3f1bc-44cc-a622-e825-35a2cfa67c22, 16, Enabled, None, 96.00.61.00.0B, [N/A], 2.1, [N/A], [N/A], P0, 0x0000000000000001, Active, Not Active, Not Active, Not Active, Not Active, Not Active, 81559 MiB, 550 MiB, 7 MiB, 81000 MiB, 0 %, 0 %, 0 %, 0 %, 0 %, 34, 41, 74.46 W, 74.46 W, 73.81 W, 700.00 W, 700.00 W, 700.00 W, 885 MHz, 885 MHz, 2619 MHz, 885 MHz, Enabled
2023/07/14 14:03:51.519, NVIDIA H800, GPU-deb3f1bc-44cc-a622-e825-35a2cfa67c22, 16, Enabled, None, 96.00.61.00.0B, [N/A], 2.1, [N/A], [N/A], P0, 0x0000000000000001, Active, Not Active, Not Active, Not Active, Not Active, Not Active, 81559 MiB, 550 MiB, 7 MiB, 81000 MiB, 0 %, 0 %, 0 %, 0 %, 0 %, 34, 40, 74.25 W, 74.25 W, 74.13 W, 700.00 W, 700.00 W, 700.00 W, 885 MHz, 885 MHz, 2619 MHz, 870 MHz, Enabled
2023/07/14 14:03:53.018, NVIDIA H800, GPU-deb3f1bc-44cc-a622-e825-35a2cfa67c22, 16, Enabled, None, 96.00.61.00.0B, [N/A], 2.1, [N/A], [N/A], P0, 0x0000000000000001, Active, Not Active, Not Active, Not Active, Not Active, Not Active, 81559 MiB, 550 MiB, 7 MiB, 81000 MiB, 0 %, 0 %, 0 %, 0 %, 0 %, 34, 41, 74.16 W, 74.16 W, 74.13 W, 700.00 W, 700.00 W, 700.00 W, 885 MHz, 885 MHz, 2619 MHz, 885 MHz, Enabled
2023/07/14 14:03:54.468, NVIDIA H800, GPU-deb3f1bc-44cc-a622-e825-35a2cfa67c22, 16, Enabled, None, 96.00.61.00.0B, [N/A], 2.1, [N/A], [N/A], P0, 0x0000000000000001, Active, Not Active, Not Active, Not Active, Not Active, Not Active, 81559 MiB, 550 MiB, 7 MiB, 81000 MiB, 0 %, 0 %, 0 %, 0 %, 0 %, 34, 40, 74.21 W, 74.21 W, 74.46 W, 700.00 W, 700.00 W, 700.00 W, 885 MHz, 885 MHz, 2619 MHz, 840 MHz, Enabled
2023/07/14 14:03:55.896, NVIDIA H800, GPU-deb3f1bc-44cc-a622-e825-35a2cfa67c22, 16, Enabled, None, 96.00.61.00.0B, [N/A], 2.1, [N/A], [N/A], P0, 0x0000000000000001, Active, Not Active, Not Active, Not Active, Not Active, Not Active, 81559 MiB, 550 MiB, 7 MiB, 81000 MiB, 0 %, 0 %, 0 %, 0 %, 0 %, 34, 40, 74.26 W, 74.26 W, 74.46 W, 700.00 W, 700.00 W, 700.00 W, 885 MHz, 885 MHz, 2619 MHz, 855 MHz, Enabled
2023/07/14 14:03:57.215, NVIDIA H800, GPU-deb3f1bc-44cc-a622-e825-35a2cfa67c22, 16, Enabled, None, 96.00.61.00.0B, [N/A], 2.1, [N/A], [N/A], P0, 0x0000000000000001, Active, Not Active, Not Active, Not Active, Not Active, Not Active, 81559 MiB, 550 MiB, 7 MiB, 81000 MiB, 0 %, 0 %, 0 %, 0 %, 0 %, 33, 40, 74.26 W, 74.23 W, 74.13 W, 700.00 W, 700.00 W, 700.00 W, 885 MHz, 885 MHz, 2619 MHz, 855 MHz, Enabled
2023/07/14 14:03:58.566, NVIDIA H800, GPU-deb3f1bc-44cc-a622-e825-35a2cfa67c22, 16, Enabled, None, 96.00.61.00.0B, [N/A], 2.1, [N/A], [N/A], P0, 0x0000000000000001, Active, Not Active, Not Active, Not Active, Not Active, Not Active, 81559 MiB, 550 MiB, 7 MiB, 81000 MiB, 0 %, 0 %, 0 %, 0 %, 0 %, 33, 40, 74.14 W, 74.14 W, 74.13 W, 700.00 W, 700.00 W, 700.00 W, 885 MHz, 885 MHz, 2619 MHz, 885 MHz, Enabled
2023/07/14 14:04:00.109, NVIDIA H800, GPU-deb3f1bc-44cc-a622-e825-35a2cfa67c22, 16, Enabled, None, 96.00.61.00.0B, [N/A], 2.1, [N/A], [N/A], P0, 0x0000000000000001, Active, Not Active, Not Active, Not Active, Not Active, Not Active, 81559 MiB, 550 MiB, 7 MiB, 81000 MiB, 0 %, 0 %, 0 %, 0 %, 0 %, 33, 40, 74.22 W, 74.22 W, 73.81 W, 700.00 W, 700.00 W, 700.00 W, 885 MHz, 885 MHz, 2619 MHz, 885 MHz, Enabled
2023/07/14 14:04:01.978, NVIDIA H800, GPU-deb3f1bc-44cc-a622-e825-35a2cfa67c22, 16, Enabled, None, 96.00.61.00.0B, [N/A], 2.1, [N/A], [N/A], P0, 0x0000000000000001, Active, Not Active, Not Active, Not Active, Not Active, Not Active, 81559 MiB, 550 MiB, 7 MiB, 81000 MiB, 0 %, 0 %, 0 %, 0 %, 0 %, 33, 40, 73.56 W, 73.56 W, 74.46 W, 700.00 W, 700.00 W, 700.00 W, 885 MHz, 885 MHz, 2619 MHz, 885 MHz, Enabled
2023/07/14 14:04:03.562, NVIDIA H800, GPU-deb3f1bc-44cc-a622-e825-35a2cfa67c22, 16, Enabled, None, 96.00.61.00.0B, [N/A], 2.1, [N/A], [N/A], P0, 0x0000000000000001, Active, Not Active, Not Active, Not Active, Not Active, Not Active, 81559 MiB, 550 MiB, 7 MiB, 81000 MiB, 0 %, 0 %, 0 %, 0 %, 0 %, 33, 39, 74.04 W, 74.04 W, 74.13 W, 700.00 W, 700.00 W, 700.00 W, 885 MHz, 885 MHz, 2619 MHz, 870 MHz, Enabled
2023/07/14 14:04:04.999, NVIDIA H800, GPU-deb3f1bc-44cc-a622-e825-35a2cfa67c22, 16, Enabled, None, 96.00.61.00.0B, [N/A], 2.1, [N/A], [N/A], P0, 0x0000000000000001, Active, Not Active, Not Active, Not Active, Not Active, Not Active, 81559 MiB, 550 MiB, 7 MiB, 81000 MiB, 0 %, 0 %, 0 %, 0 %, 0 %, 33, 39, 74.23 W, 74.23 W, 74.13 W, 700.00 W, 700.00 W, 700.00 W, 885 MHz, 885 MHz, 2619 MHz, 870 MHz, Enabled
2023/07/14 14:04:06.280, NVIDIA H800, GPU-deb3f1bc-44cc-a622-e825-35a2cfa67c22, 16, Enabled, None, 96.00.61.00.0B, [N/A], 2.1, [N/A], [N/A], P0, 0x0000000000000001, Active, Not Active, Not Active, Not Active, Not Active, Not Active, 81559 MiB, 550 MiB, 7 MiB, 81000 MiB, 0 %, 0 %, 0 %, 0 %, 0 %, 33, 39, 74.17 W, 74.17 W, 73.81 W, 700.00 W, 700.00 W, 700.00 W, 885 MHz, 885 MHz, 2619 MHz, 885 MHz, Enabled
2023/07/14 14:04:07.681, NVIDIA H800, GPU-deb3f1bc-44cc-a622-e825-35a2cfa67c22, 16, Enabled, None, 96.00.61.00.0B, [N/A], 2.1, [N/A], [N/A], P0, 0x0000000000000001, Active, Not Active, Not Active, Not Active, Not Active, Not Active, 81559 MiB, 550 MiB, 7 MiB, 81000 MiB, 0 %, 0 %, 0 %, 0 %, 0 %, 33, 39, 73.97 W, 73.97 W, 73.49 W, 700.00 W, 700.00 W, 700.00 W, 840 MHz, 840 MHz, 2619 MHz, 870 MHz, Enabled
2023/07/14 14:04:09.088, NVIDIA H800, GPU-deb3f1bc-44cc-a622-e825-35a2cfa67c22, 16, Enabled, None, 96.00.61.00.0B, [N/A], 2.1, [N/A], [N/A], P0, 0x0000000000000001, Active, Not Active, Not Active, Not Active, Not Active, Not Active, 81559 MiB, 550 MiB, 7 MiB, 81000 MiB, 0 %, 0 %, 0 %, 0 %, 0 %, 33, 40, 73.58 W, 73.42 W, 71.81 W, 700.00 W, 700.00 W, 700.00 W, 885 MHz, 885 MHz, 2619 MHz, 765 MHz, Enabled
2023/07/14 14:04:10.609, NVIDIA H800, GPU-deb3f1bc-44cc-a622-e825-35a2cfa67c22, 16, Enabled, None, 96.00.61.00.0B, [N/A], 2.1, [N/A], [N/A], P0, 0x0000000000000001, Active, Not Active, Not Active, Not Active, Not Active, Not Active, 81559 MiB, 550 MiB, 7 MiB, 81000 MiB, 0 %, 0 %, 0 %, 0 %, 0 %, 33, 39, 73.51 W, 73.51 W, 73.81 W, 700.00 W, 700.00 W, 700.00 W, 840 MHz, 885 MHz, 2619 MHz, 885 MHz, Enabled
2023/07/14 14:04:12.099, NVIDIA H800, GPU-deb3f1bc-44cc-a622-e825-35a2cfa67c22, 16, Enabled, None, 96.00.61.00.0B, [N/A], 2.1, [N/A], [N/A], P0, 0x0000000000000001, Active, Not Active, Not Active, Not Active, Not Active, Not Active, 81559 MiB, 550 MiB, 7 MiB, 81000 MiB, 0 %, 0 %, 0 %, 0 %, 0 %, 33, 40, 74.26 W, 74.26 W, 74.46 W, 700.00 W, 700.00 W, 700.00 W, 885 MHz, 885 MHz, 2619 MHz, 885 MHz, Enabled
2023/07/14 14:04:13.764, NVIDIA H800, GPU-deb3f1bc-44cc-a622-e825-35a2cfa67c22, 16, Enabled, None, 96.00.61.00.0B, [N/A], 2.1, [N/A], [N/A], P0, 0x0000000000000001, Active, Not Active, Not Active, Not Active, Not Active, Not Active, 81559 MiB, 550 MiB, 7 MiB, 81000 MiB, 0 %, 0 %, 0 %, 0 %, 0 %, 33, 39, 74.08 W, 74.08 W, 73.81 W, 700.00 W, 700.00 W, 700.00 W, 885 MHz, 840 MHz, 2619 MHz, 885 MHz, Enabled
2023/07/14 14:04:15.248, NVIDIA H800, GPU-deb3f1bc-44cc-a622-e825-35a2cfa67c22, 16, Enabled, None, 96.00.61.00.0B, [N/A], 2.1, [N/A], [N/A], P0, 0x0000000000000001, Active, Not Active, Not Active, Not Active, Not Active, Not Active, 81559 MiB, 550 MiB, 7 MiB, 81000 MiB, 0 %, 0 %, 0 %, 0 %, 0 %, 33, 40, 74.00 W, 73.97 W, 74.13 W, 700.00 W, 700.00 W, 700.00 W, 885 MHz, 825 MHz, 2619 MHz, 885 MHz, Enabled
2023/07/14 14:04:16.706, NVIDIA H800, GPU-deb3f1bc-44cc-a622-e825-35a2cfa67c22, 16, Enabled, None, 96.00.61.00.0B, [N/A], 2.1, [N/A], [N/A], P0, 0x0000000000000001, Active, Not Active, Not Active, Not Active, Not Active, Not Active, 81559 MiB, 550 MiB, 7 MiB, 81000 MiB, 0 %, 0 %, 0 %, 0 %, 0 %, 33, 40, 73.46 W, 73.46 W, 74.13 W, 700.00 W, 700.00 W, 700.00 W, 840 MHz, 825 MHz, 2619 MHz, 900 MHz, Enabled
2023/07/14 14:04:18.195, NVIDIA H800, GPU-deb3f1bc-44cc-a622-e825-35a2cfa67c22, 16, Enabled, None, 96.00.61.00.0B, [N/A], 2.1, [N/A], [N/A], P0, 0x0000000000000001, Active, Not Active, Not Active, Not Active, Not Active, Not Active, 81559 MiB, 550 MiB, 7 MiB, 81000 MiB, 0 %, 0 %, 0 %, 0 %, 0 %, 33, 39, 73.81 W, 73.81 W, 74.13 W, 700.00 W, 700.00 W, 700.00 W, 345 MHz, 345 MHz, 2619 MHz, 765 MHz, Enabled
2023/07/14 14:04:19.728, NVIDIA H800, GPU-deb3f1bc-44cc-a622-e825-35a2cfa67c22, 16, Enabled, None, 96.00.61.00.0B, [N/A], 2.1, [N/A], [N/A], P0, 0x0000000000000001, Active, Not Active, Not Active, Not Active, Not Active, Not Active, 81559 MiB, 550 MiB, 7 MiB, 81000 MiB, 0 %, 0 %, 0 %, 0 %, 0 %, 33, 39, 72.99 W, 72.99 W, 74.13 W, 700.00 W, 700.00 W, 700.00 W, 885 MHz, 840 MHz, 2619 MHz, 900 MHz, Enabled
2023/07/14 14:04:21.036, NVIDIA H800, GPU-deb3f1bc-44cc-a622-e825-35a2cfa67c22, 16, Enabled, None, 96.00.61.00.0B, [N/A], 2.1, [N/A], [N/A], P0, 0x0000000000000001, Active, Not Active, Not Active, Not Active, Not Active, Not Active, 81559 MiB, 550 MiB, 7 MiB, 81000 MiB, 0 %, 0 %, 0 %, 0 %, 0 %, 33, 39, 74.07 W, 74.07 W, 74.13 W, 700.00 W, 700.00 W, 700.00 W, 885 MHz, 885 MHz, 2619 MHz, 885 MHz, Enabled
2023/07/14 14:04:22.360, NVIDIA H800, GPU-deb3f1bc-44cc-a622-e825-35a2cfa67c22, 16, Enabled, None, 96.00.61.00.0B, [N/A], 2.1, [N/A], [N/A], P0, 0x0000000000000001, Active, Not Active, Not Active, Not Active, Not Active, Not Active, 81559 MiB, 550 MiB, 7 MiB, 81000 MiB, 0 %, 0 %, 0 %, 0 %, 0 %, 33, 39, 74.07 W, 74.07 W, 71.44 W, 700.00 W, 700.00 W, 700.00 W, 885 MHz, 885 MHz, 2619 MHz, 900 MHz, Enabled
2023/07/14 14:04:23.859, NVIDIA H800, GPU-deb3f1bc-44cc-a622-e825-35a2cfa67c22, 16, Enabled, None, 96.00.61.00.0B, [N/A], 2.1, [N/A], [N/A], P0, 0x0000000000000001, Active, Not Active, Not Active, Not Active, Not Active, Not Active, 81559 MiB, 550 MiB, 7 MiB, 81000 MiB, 0 %, 0 %, 0 %, 0 %, 0 %, 33, 39, 74.12 W, 74.09 W, 74.13 W, 700.00 W, 700.00 W, 700.00 W, 885 MHz, 885 MHz, 2619 MHz, 885 MHz, Enabled
2023/07/14 14:04:25.490, NVIDIA H800, GPU-deb3f1bc-44cc-a622-e825-35a2cfa67c22, 16, Enabled, None, 96.00.61.00.0B, [N/A], 2.1, [N/A], [N/A], P0, 0x0000000000000001, Active, Not Active, Not Active, Not Active, Not Active, Not Active, 81559 MiB, 550 MiB, 7 MiB, 81000 MiB, 0 %, 0 %, 0 %, 0 %, 0 %, 32, 39, 73.94 W, 73.90 W, 73.49 W, 700.00 W, 700.00 W, 700.00 W, 885 MHz, 885 MHz, 2619 MHz, 810 MHz, Enabled
2023/07/14 14:04:27.193, NVIDIA H800, GPU-deb3f1bc-44cc-a622-e825-35a2cfa67c22, 16, Enabled, None, 96.00.61.00.0B, [N/A], 2.1, [N/A], [N/A], P0, 0x0000000000000001, Active, Not Active, Not Active, Not Active, Not Active, Not Active, 81559 MiB, 550 MiB, 7 MiB, 81000 MiB, 0 %, 0 %, 0 %, 0 %, 0 %, 32, 39, 73.85 W, 73.85 W, 73.11 W, 700.00 W, 700.00 W, 700.00 W, 885 MHz, 885 MHz, 2619 MHz, 840 MHz, Enabled
2023/07/14 14:04:28.573, NVIDIA H800, GPU-deb3f1bc-44cc-a622-e825-35a2cfa67c22, 16, Enabled, None, 96.00.61.00.0B, [N/A], 2.1, [N/A], [N/A], P0, 0x0000000000000001, Active, Not Active, Not Active, Not Active, Not Active, Not Active, 81559 MiB, 550 MiB, 7 MiB, 81000 MiB, 0 %, 0 %, 0 %, 0 %, 0 %, 32, 39, 74.02 W, 74.04 W, 74.13 W, 700.00 W, 700.00 W, 700.00 W, 840 MHz, 840 MHz, 2619 MHz, 900 MHz, Enabled
2023/07/14 14:04:30.100, NVIDIA H800, GPU-deb3f1bc-44cc-a622-e825-35a2cfa67c22, 16, Enabled, None, 96.00.61.00.0B, [N/A], 2.1, [N/A], [N/A], P0, 0x0000000000000001, Active, Not Active, Not Active, Not Active, Not Active, Not Active, 81559 MiB, 550 MiB, 7 MiB, 81000 MiB, 0 %, 0 %, 0 %, 0 %, 0 %, 32, 39, 73.93 W, 73.93 W, 73.49 W, 700.00 W, 700.00 W, 700.00 W, 885 MHz, 885 MHz, 2619 MHz, 885 MHz, Enabled
2023/07/14 14:04:31.519, NVIDIA H800, GPU-deb3f1bc-44cc-a622-e825-35a2cfa67c22, 16, Enabled, None, 96.00.61.00.0B, [N/A], 2.1, [N/A], [N/A], P0, 0x0000000000000001, Active, Not Active, Not Active, Not Active, Not Active, Not Active, 81559 MiB, 550 MiB, 7 MiB, 81000 MiB, 0 %, 0 %, 0 %, 0 %, 0 %, 32, 39, 73.90 W, 73.87 W, 73.49 W, 700.00 W, 700.00 W, 700.00 W, 885 MHz, 885 MHz, 2619 MHz, 870 MHz, Enabled
2023/07/14 14:04:32.953, NVIDIA H800, GPU-deb3f1bc-44cc-a622-e825-35a2cfa67c22, 16, Enabled, None, 96.00.61.00.0B, [N/A], 2.1, [N/A], [N/A], P0, 0x0000000000000001, Active, Not Active, Not Active, Not Active, Not Active, Not Active, 81559 MiB, 550 MiB, 7 MiB, 81000 MiB, 0 %, 0 %, 0 %, 0 %, 0 %, 32, 39, 73.94 W, 73.94 W, 74.13 W, 700.00 W, 700.00 W, 700.00 W, 885 MHz, 885 MHz, 2619 MHz, 870 MHz, Enabled
2023/07/14 14:04:34.379, NVIDIA H800, GPU-deb3f1bc-44cc-a622-e825-35a2cfa67c22, 16, Enabled, None, 96.00.61.00.0B, [N/A], 2.1, [N/A], [N/A], P0, 0x0000000000000001, Active, Not Active, Not Active, Not Active, Not Active, Not Active, 81559 MiB, 550 MiB, 7 MiB, 81000 MiB, 0 %, 0 %, 0 %, 0 %, 0 %, 32, 39, 73.93 W, 73.93 W, 74.13 W, 700.00 W, 700.00 W, 700.00 W, 885 MHz, 885 MHz, 2619 MHz, 855 MHz, Enabled
2023/07/14 14:04:36.002, NVIDIA H800, GPU-deb3f1bc-44cc-a622-e825-35a2cfa67c22, 16, Enabled, None, 96.00.61.00.0B, [N/A], 2.1, [N/A], [N/A], P0, 0x0000000000000001, Active, Not Active, Not Active, Not Active, Not Active, Not Active, 81559 MiB, 550 MiB, 7 MiB, 81000 MiB, 0 %, 0 %, 0 %, 0 %, 0 %, 32, 39, 73.68 W, 73.68 W, 73.49 W, 700.00 W, 700.00 W, 700.00 W, 885 MHz, 825 MHz, 2619 MHz, 870 MHz, Enabled
2023/07/14 14:04:37.870, NVIDIA H800, GPU-deb3f1bc-44cc-a622-e825-35a2cfa67c22, 16, Enabled, None, 96.00.61.00.0B, [N/A], 2.1, [N/A], [N/A], P0, 0x0000000000000001, Active, Not Active, Not Active, Not Active, Not Active, Not Active, 81559 MiB, 550 MiB, 7 MiB, 81000 MiB, 0 %, 0 %, 0 %, 0 %, 0 %, 32, 39, 73.64 W, 73.71 W, 73.49 W, 700.00 W, 700.00 W, 700.00 W, 825 MHz, 885 MHz, 2619 MHz, 840 MHz, Enabled
2023/07/14 14:04:39.412, NVIDIA H800, GPU-deb3f1bc-44cc-a622-e825-35a2cfa67c22, 16, Enabled, None, 96.00.61.00.0B, [N/A], 2.1, [N/A], [N/A], P0, 0x0000000000000001, Active, Not Active, Not Active, Not Active, Not Active, Not Active, 81559 MiB, 550 MiB, 7 MiB, 81000 MiB, 0 %, 0 %, 0 %, 0 %, 0 %, 32, 39, 73.87 W, 73.91 W, 73.49 W, 700.00 W, 700.00 W, 700.00 W, 885 MHz, 885 MHz, 2619 MHz, 870 MHz, Enabled
2023/07/14 14:04:40.833, NVIDIA H800, GPU-deb3f1bc-44cc-a622-e825-35a2cfa67c22, 16, Enabled, None, 96.00.61.00.0B, [N/A], 2.1, [N/A], [N/A], P0, 0x0000000000000001, Active, Not Active, Not Active, Not Active, Not Active, Not Active, 81559 MiB, 550 MiB, 7 MiB, 81000 MiB, 0 %, 0 %, 0 %, 0 %, 0 %, 32, 39, 73.74 W, 73.75 W, 73.81 W, 700.00 W, 700.00 W, 700.00 W, 885 MHz, 885 MHz, 2619 MHz, 825 MHz, Enabled
2023/07/14 14:04:42.209, NVIDIA H800, GPU-deb3f1bc-44cc-a622-e825-35a2cfa67c22, 16, Enabled, None, 96.00.61.00.0B, [N/A], 2.1, [N/A], [N/A], P0, 0x0000000000000001, Active, Not Active, Not Active, Not Active, Not Active, Not Active, 81559 MiB, 550 MiB, 7 MiB, 81000 MiB, 0 %, 0 %, 0 %, 0 %, 0 %, 32, 39, 73.79 W, 73.79 W, 73.49 W, 700.00 W, 700.00 W, 700.00 W, 885 MHz, 840 MHz, 2619 MHz, 855 MHz, Enabled
2023/07/14 14:04:43.581, NVIDIA H800, GPU-deb3f1bc-44cc-a622-e825-35a2cfa67c22, 16, Enabled, None, 96.00.61.00.0B, [N/A], 2.1, [N/A], [N/A], P0, 0x0000000000000001, Active, Not Active, Not Active, Not Active, Not Active, Not Active, 81559 MiB, 550 MiB, 7 MiB, 81000 MiB, 0 %, 0 %, 0 %, 0 %, 0 %, 32, 39, 73.71 W, 73.71 W, 73.81 W, 700.00 W, 700.00 W, 700.00 W, 885 MHz, 885 MHz, 2619 MHz, 885 MHz, Enabled
2023/07/14 14:04:44.981, NVIDIA H800, GPU-deb3f1bc-44cc-a622-e825-35a2cfa67c22, 16, Enabled, None, 96.00.61.00.0B, [N/A], 2.1, [N/A], [N/A], P0, 0x0000000000000001, Active, Not Active, Not Active, Not Active, Not Active, Not Active, 81559 MiB, 550 MiB, 7 MiB, 81000 MiB, 0 %, 0 %, 0 %, 0 %, 0 %, 32, 39, 73.81 W, 73.81 W, 73.81 W, 700.00 W, 700.00 W, 700.00 W, 885 MHz, 885 MHz, 2619 MHz, 840 MHz, Enabled
2023/07/14 14:04:46.312, NVIDIA H800, GPU-deb3f1bc-44cc-a622-e825-35a2cfa67c22, 16, Enabled, None, 96.00.61.00.0B, [N/A], 2.1, [N/A], [N/A], P0, 0x0000000000000001, Active, Not Active, Not Active, Not Active, Not Active, Not Active, 81559 MiB, 550 MiB, 7 MiB, 81000 MiB, 0 %, 0 %, 0 %, 0 %, 0 %, 32, 39, 73.91 W, 73.91 W, 73.81 W, 700.00 W, 700.00 W, 700.00 W, 885 MHz, 885 MHz, 2619 MHz, 810 MHz, Enabled
2023/07/14 14:04:47.825, NVIDIA H800, GPU-deb3f1bc-44cc-a622-e825-35a2cfa67c22, 16, Enabled, None, 96.00.61.00.0B, [N/A], 2.1, [N/A], [N/A], P0, 0x0000000000000001, Active, Not Active, Not Active, Not Active, Not Active, Not Active, 81559 MiB, 550 MiB, 7 MiB, 81000 MiB, 0 %, 0 %, 0 %, 0 %, 0 %, 32, 39, 73.75 W, 73.75 W, 73.81 W, 700.00 W, 700.00 W, 700.00 W, 885 MHz, 885 MHz, 2619 MHz, 885 MHz, Enabled
2023/07/14 14:04:49.618, NVIDIA H800, GPU-deb3f1bc-44cc-a622-e825-35a2cfa67c22, 16, Enabled, None, 96.00.61.00.0B, [N/A], 2.1, [N/A], [N/A], P0, 0x0000000000000001, Active, Not Active, Not Active, Not Active, Not Active, Not Active, 81559 MiB, 550 MiB, 7 MiB, 81000 MiB, 0 %, 0 %, 0 %, 0 %, 0 %, 32, 39, 73.29 W, 73.23 W, 73.49 W, 700.00 W, 700.00 W, 700.00 W, 345 MHz, 345 MHz, 2619 MHz, 870 MHz, Enabled
2023/07/14 14:04:51.177, NVIDIA H800, GPU-deb3f1bc-44cc-a622-e825-35a2cfa67c22, 16, Enabled, None, 96.00.61.00.0B, [N/A], 2.1, [N/A], [N/A], P0, 0x0000000000000001, Active, Not Active, Not Active, Not Active, Not Active, Not Active, 81559 MiB, 550 MiB, 7 MiB, 81000 MiB, 0 %, 0 %, 0 %, 0 %, 0 %, 32, 39, 73.46 W, 73.46 W, 73.81 W, 700.00 W, 700.00 W, 700.00 W, 885 MHz, 885 MHz, 2619 MHz, 885 MHz, Enabled
2023/07/14 14:04:52.550, NVIDIA H800, GPU-deb3f1bc-44cc-a622-e825-35a2cfa67c22, 16, Enabled, None, 96.00.61.00.0B, [N/A], 2.1, [N/A], [N/A], P0, 0x0000000000000001, Active, Not Active, Not Active, Not Active, Not Active, Not Active, 81559 MiB, 550 MiB, 7 MiB, 81000 MiB, 0 %, 0 %, 0 %, 0 %, 0 %, 32, 39, 73.90 W, 73.90 W, 73.81 W, 700.00 W, 700.00 W, 700.00 W, 825 MHz, 885 MHz, 2619 MHz, 885 MHz, Enabled
2023/07/14 14:04:54.029, NVIDIA H800, GPU-deb3f1bc-44cc-a622-e825-35a2cfa67c22, 16, Enabled, None, 96.00.61.00.0B, [N/A], 2.1, [N/A], [N/A], P0, 0x0000000000000001, Active, Not Active, Not Active, Not Active, Not Active, Not Active, 81559 MiB, 550 MiB, 7 MiB, 81000 MiB, 0 %, 0 %, 0 %, 0 %, 0 %, 32, 38, 73.32 W, 73.35 W, 73.81 W, 700.00 W, 700.00 W, 700.00 W, 885 MHz, 885 MHz, 2619 MHz, 885 MHz, Enabled
2023/07/14 14:04:55.327, NVIDIA H800, GPU-deb3f1bc-44cc-a622-e825-35a2cfa67c22, 16, Enabled, None, 96.00.61.00.0B, [N/A], 2.1, [N/A], [N/A], P0, 0x0000000000000000, Not Active, Not Active, Not Active, Not Active, Not Active, Not Active, 81559 MiB, 550 MiB, 7 MiB, 81000 MiB, 0 %, 0 %, 0 %, 0 %, 0 %, 33, 39, 90.19 W, 90.19 W, 115.89 W, 700.00 W, 700.00 W, 700.00 W, 1980 MHz, 1980 MHz, 2619 MHz, 1545 MHz, Enabled
2023/07/14 14:04:56.259, NVIDIA H800, GPU-deb3f1bc-44cc-a622-e825-35a2cfa67c22, 16, Enabled, None, 96.00.61.00.0B, [N/A], 2.1, [N/A], [N/A], P0, 0x0000000000000000, Not Active, Not Active, Not Active, Not Active, Not Active, Not Active, 81559 MiB, 550 MiB, 26 MiB, 80981 MiB, 0 %, 0 %, 0 %, 0 %, 0 %, 33, 39, 116.12 W, 116.10 W, 115.89 W, 700.00 W, 700.00 W, 700.00 W, 1980 MHz, 1980 MHz, 2619 MHz, 1545 MHz, Enabled
2023/07/14 14:04:57.322, NVIDIA H800, GPU-deb3f1bc-44cc-a622-e825-35a2cfa67c22, 16, Enabled, None, 96.00.61.00.0B, [N/A], 2.1, [N/A], [N/A], P0, 0x0000000000000000, Not Active, Not Active, Not Active, Not Active, Not Active, Not Active, 81559 MiB, 550 MiB, 26 MiB, 80981 MiB, 0 %, 0 %, 0 %, 0 %, 0 %, 33, 39, 116.09 W, 116.09 W, 116.22 W, 700.00 W, 700.00 W, 700.00 W, 1980 MHz, 1980 MHz, 2619 MHz, 1545 MHz, Enabled
2023/07/14 14:04:58.413, NVIDIA H800, GPU-deb3f1bc-44cc-a622-e825-35a2cfa67c22, 16, Enabled, None, 96.00.61.00.0B, [N/A], 2.1, [N/A], [N/A], P0, 0x0000000000000000, Not Active, Not Active, Not Active, Not Active, Not Active, Not Active, 81559 MiB, 550 MiB, 26 MiB, 80981 MiB, 0 %, 0 %, 0 %, 0 %, 0 %, 33, 39, 116.22 W, 116.22 W, 116.22 W, 700.00 W, 700.00 W, 700.00 W, 1980 MHz, 1980 MHz, 2619 MHz, 1545 MHz, Enabled
2023/07/14 14:04:59.613, NVIDIA H800, GPU-deb3f1bc-44cc-a622-e825-35a2cfa67c22, 16, Enabled, None, 96.00.61.00.0B, [N/A], 2.1, [N/A], [N/A], P0, 0x0000000000000000, Not Active, Not Active, Not Active, Not Active, Not Active, Not Active, 81559 MiB, 550 MiB, 26 MiB, 80981 MiB, 0 %, 0 %, 0 %, 0 %, 0 %, 33, 39, 116.15 W, 116.15 W, 116.22 W, 700.00 W, 700.00 W, 700.00 W, 1980 MHz, 1980 MHz, 2619 MHz, 1545 MHz, Enabled
2023/07/14 14:05:00.636, NVIDIA H800, GPU-deb3f1bc-44cc-a622-e825-35a2cfa67c22, 16, Enabled, None, 96.00.61.00.0B, [N/A], 2.1, [N/A], [N/A], P0, 0x0000000000000000, Not Active, Not Active, Not Active, Not Active, Not Active, Not Active, 81559 MiB, 550 MiB, 26 MiB, 80981 MiB, 0 %, 0 %, 0 %, 0 %, 0 %, 33, 39, 116.19 W, 116.19 W, 116.22 W, 700.00 W, 700.00 W, 700.00 W, 1980 MHz, 1980 MHz, 2619 MHz, 1545 MHz, Enabled
2023/07/14 14:05:01.654, NVIDIA H800, GPU-deb3f1bc-44cc-a622-e825-35a2cfa67c22, 16, Enabled, None, 96.00.61.00.0B, [N/A], 2.1, [N/A], [N/A], P0, 0x0000000000000000, Not Active, Not Active, Not Active, Not Active, Not Active, Not Active, 81559 MiB, 550 MiB, 26 MiB, 80981 MiB, 0 %, 0 %, 0 %, 0 %, 0 %, 33, 39, 116.19 W, 116.19 W, 116.54 W, 700.00 W, 700.00 W, 700.00 W, 1980 MHz, 1980 MHz, 2619 MHz, 1545 MHz, Enabled
2023/07/14 14:05:02.647, NVIDIA H800, GPU-deb3f1bc-44cc-a622-e825-35a2cfa67c22, 16, Enabled, None, 96.00.61.00.0B, [N/A], 2.1, [N/A], [N/A], P0, 0x0000000000000000, Not Active, Not Active, Not Active, Not Active, Not Active, Not Active, 81559 MiB, 550 MiB, 27 MiB, 80980 MiB, 0 %, 0 %, 0 %, 0 %, 0 %, 33, 39, 116.22 W, 116.22 W, 116.22 W, 700.00 W, 700.00 W, 700.00 W, 1980 MHz, 1980 MHz, 2619 MHz, 1545 MHz, Enabled
2023/07/14 14:05:03.666, NVIDIA H800, GPU-deb3f1bc-44cc-a622-e825-35a2cfa67c22, 16, Enabled, None, 96.00.61.00.0B, [N/A], 2.1, [N/A], [N/A], P0, 0x0000000000000000, Not Active, Not Active, Not Active, Not Active, Not Active, Not Active, 81559 MiB, 550 MiB, 27 MiB, 80980 MiB, 0 %, 0 %, 0 %, 0 %, 0 %, 33, 39, 116.31 W, 116.31 W, 116.22 W, 700.00 W, 700.00 W, 700.00 W, 1980 MHz, 1980 MHz, 2619 MHz, 1545 MHz, Enabled
2023/07/14 14:05:04.702, NVIDIA H800, GPU-deb3f1bc-44cc-a622-e825-35a2cfa67c22, 16, Enabled, None, 96.00.61.00.0B, [N/A], 2.1, [N/A], [N/A], P0, 0x0000000000000000, Not Active, Not Active, Not Active, Not Active, Not Active, Not Active, 81559 MiB, 550 MiB, 29 MiB, 80978 MiB, 4 %, 0 %, 0 %, 0 %, 0 %, 33, 39, 116.25 W, 116.25 W, 116.22 W, 700.00 W, 700.00 W, 700.00 W, 1980 MHz, 1980 MHz, 2619 MHz, 1545 MHz, Enabled
2023/07/14 14:05:05.712, NVIDIA H800, GPU-deb3f1bc-44cc-a622-e825-35a2cfa67c22, 16, Enabled, None, 96.00.61.00.0B, [N/A], 2.1, [N/A], [N/A], P0, 0x0000000000000000, Not Active, Not Active, Not Active, Not Active, Not Active, Not Active, 81559 MiB, 550 MiB, 37 MiB, 80970 MiB, 0 %, 0 %, 0 %, 0 %, 0 %, 33, 39, 116.28 W, 116.28 W, 116.22 W, 700.00 W, 700.00 W, 700.00 W, 1980 MHz, 1980 MHz, 2619 MHz, 1545 MHz, Enabled
2023/07/14 14:05:06.815, NVIDIA H800, GPU-deb3f1bc-44cc-a622-e825-35a2cfa67c22, 16, Enabled, None, 96.00.61.00.0B, [N/A], 2.1, [N/A], [N/A], P0, 0x0000000000000000, Not Active, Not Active, Not Active, Not Active, Not Active, Not Active, 81559 MiB, 550 MiB, 47 MiB, 80960 MiB, 0 %, 0 %, 0 %, 0 %, 0 %, 33, 39, 116.33 W, 116.31 W, 116.54 W, 700.00 W, 700.00 W, 700.00 W, 1980 MHz, 1980 MHz, 2619 MHz, 1545 MHz, Enabled
2023/07/14 14:05:08.088, NVIDIA H800, GPU-deb3f1bc-44cc-a622-e825-35a2cfa67c22, 16, Enabled, None, 96.00.61.00.0B, [N/A], 2.1, [N/A], [N/A], P0, 0x0000000000000000, Not Active, Not Active, Not Active, Not Active, Not Active, Not Active, 81559 MiB, 550 MiB, 533 MiB, 80474 MiB, 0 %, 0 %, 0 %, 0 %, 0 %, 33, 39, 116.28 W, 116.28 W, 116.22 W, 700.00 W, 700.00 W, 700.00 W, 1980 MHz, 1980 MHz, 2619 MHz, 1545 MHz, Enabled
2023/07/14 14:05:09.178, NVIDIA H800, GPU-deb3f1bc-44cc-a622-e825-35a2cfa67c22, 16, Enabled, None, 96.00.61.00.0B, [N/A], 2.1, [N/A], [N/A], P0, 0x0000000000000000, Not Active, Not Active, Not Active, Not Active, Not Active, Not Active, 81559 MiB, 550 MiB, 917 MiB, 80090 MiB, 0 %, 0 %, 0 %, 0 %, 0 %, 33, 39, 116.43 W, 116.43 W, 116.22 W, 700.00 W, 700.00 W, 700.00 W, 1980 MHz, 1980 MHz, 2619 MHz, 1545 MHz, Enabled
2023/07/14 14:05:10.214, NVIDIA H800, GPU-deb3f1bc-44cc-a622-e825-35a2cfa67c22, 16, Enabled, None, 96.00.61.00.0B, [N/A], 2.1, [N/A], [N/A], P0, 0x0000000000000000, Not Active, Not Active, Not Active, Not Active, Not Active, Not Active, 81559 MiB, 550 MiB, 919 MiB, 80088 MiB, 0 %, 0 %, 0 %, 0 %, 0 %, 33, 39, 116.41 W, 116.41 W, 116.22 W, 700.00 W, 700.00 W, 700.00 W, 1980 MHz, 1980 MHz, 2619 MHz, 1545 MHz, Enabled
2023/07/14 14:05:11.263, NVIDIA H800, GPU-deb3f1bc-44cc-a622-e825-35a2cfa67c22, 16, Enabled, None, 96.00.61.00.0B, [N/A], 2.1, [N/A], [N/A], P0, 0x0000000000000000, Not Active, Not Active, Not Active, Not Active, Not Active, Not Active, 81559 MiB, 550 MiB, 951 MiB, 80056 MiB, 100 %, 98 %, 0 %, 0 %, 0 %, 39, 47, 448.48 W, 448.48 W, 117.57 W, 700.00 W, 700.00 W, 700.00 W, 1980 MHz, 1980 MHz, 2619 MHz, 1545 MHz, Enabled
2023/07/14 14:05:12.634, NVIDIA H800, GPU-deb3f1bc-44cc-a622-e825-35a2cfa67c22, 16, Enabled, None, 96.00.61.00.0B, [N/A], 2.1, [N/A], [N/A], P0, 0x0000000000000000, Not Active, Not Active, Not Active, Not Active, Not Active, Not Active, 81559 MiB, 550 MiB, 535 MiB, 80472 MiB, 0 %, 0 %, 0 %, 0 %, 0 %, 34, 40, 118.36 W, 116.88 W, 116.54 W, 700.00 W, 700.00 W, 700.00 W, 1980 MHz, 1980 MHz, 2619 MHz, 1545 MHz, Enabled
2023/07/14 14:05:13.624, NVIDIA H800, GPU-deb3f1bc-44cc-a622-e825-35a2cfa67c22, 16, Enabled, None, 96.00.61.00.0B, [N/A], 2.1, [N/A], [N/A], P0, 0x0000000000000000, Not Active, Not Active, Not Active, Not Active, Not Active, Not Active, 81559 MiB, 550 MiB, 535 MiB, 80472 MiB, 0 %, 0 %, 0 %, 0 %, 0 %, 34, 39, 116.54 W, 116.54 W, 116.22 W, 700.00 W, 700.00 W, 700.00 W, 1980 MHz, 1980 MHz, 2619 MHz, 1545 MHz, Enabled
2023/07/14 14:05:14.602, NVIDIA H800, GPU-deb3f1bc-44cc-a622-e825-35a2cfa67c22, 16, Enabled, None, 96.00.61.00.0B, [N/A], 2.1, [N/A], [N/A], P0, 0x0000000000000000, Not Active, Not Active, Not Active, Not Active, Not Active, Not Active, 81559 MiB, 550 MiB, 535 MiB, 80472 MiB, 0 %, 0 %, 0 %, 0 %, 0 %, 34, 40, 116.51 W, 116.51 W, 116.22 W, 700.00 W, 700.00 W, 700.00 W, 1980 MHz, 1980 MHz, 2619 MHz, 1545 MHz, Enabled
2023/07/14 14:05:15.665, NVIDIA H800, GPU-deb3f1bc-44cc-a622-e825-35a2cfa67c22, 16, Enabled, None, 96.00.61.00.0B, [N/A], 2.1, [N/A], [N/A], P0, 0x0000000000000000, Not Active, Not Active, Not Active, Not Active, Not Active, Not Active, 81559 MiB, 550 MiB, 535 MiB, 80473 MiB, 0 %, 0 %, 0 %, 0 %, 0 %, 34, 39, 116.48 W, 116.48 W, 116.54 W, 700.00 W, 700.00 W, 700.00 W, 1980 MHz, 1980 MHz, 2619 MHz, 1545 MHz, Enabled
2023/07/14 14:05:16.813, NVIDIA H800, GPU-deb3f1bc-44cc-a622-e825-35a2cfa67c22, 16, Enabled, None, 96.00.61.00.0B, [N/A], 2.1, [N/A], [N/A], P0, 0x0000000000000000, Not Active, Not Active, Not Active, Not Active, Not Active, Not Active, 81559 MiB, 550 MiB, 534 MiB, 80473 MiB, 0 %, 0 %, 0 %, 0 %, 0 %, 34, 40, 116.41 W, 116.41 W, 116.22 W, 700.00 W, 700.00 W, 700.00 W, 1980 MHz, 1980 MHz, 2619 MHz, 1545 MHz, Enabled
2023/07/14 14:05:17.787, NVIDIA H800, GPU-deb3f1bc-44cc-a622-e825-35a2cfa67c22, 16, Enabled, None, 96.00.61.00.0B, [N/A], 2.1, [N/A], [N/A], P0, 0x0000000000000000, Not Active, Not Active, Not Active, Not Active, Not Active, Not Active, 81559 MiB, 550 MiB, 532 MiB, 80475 MiB, 0 %, 0 %, 0 %, 0 %, 0 %, 34, 40, 116.28 W, 116.28 W, 116.22 W, 700.00 W, 700.00 W, 700.00 W, 1980 MHz, 1980 MHz, 2619 MHz, 1545 MHz, Enabled
2023/07/14 14:05:18.709, NVIDIA H800, GPU-deb3f1bc-44cc-a622-e825-35a2cfa67c22, 16, Enabled, None, 96.00.61.00.0B, [N/A], 2.1, [N/A], [N/A], P0, 0x0000000000000000, Not Active, Not Active, Not Active, Not Active, Not Active, Not Active, 81559 MiB, 550 MiB, 532 MiB, 80475 MiB, 0 %, 0 %, 0 %, 0 %, 0 %, 34, 40, 116.28 W, 116.28 W, 116.22 W, 700.00 W, 700.00 W, 700.00 W, 1980 MHz, 1980 MHz, 2619 MHz, 1545 MHz, Enabled
2023/07/14 14:05:19.799, NVIDIA H800, GPU-deb3f1bc-44cc-a622-e825-35a2cfa67c22, 16, Enabled, None, 96.00.61.00.0B, [N/A], 2.1, [N/A], [N/A], P0, 0x0000000000000000, Not Active, Not Active, Not Active, Not Active, Not Active, Not Active, 81559 MiB, 550 MiB, 532 MiB, 80475 MiB, 0 %, 0 %, 0 %, 0 %, 0 %, 34, 39, 116.31 W, 116.31 W, 116.22 W, 700.00 W, 700.00 W, 700.00 W, 1980 MHz, 1980 MHz, 2619 MHz, 1545 MHz, Enabled
2023/07/14 14:05:20.886, NVIDIA H800, GPU-deb3f1bc-44cc-a622-e825-35a2cfa67c22, 16, Enabled, None, 96.00.61.00.0B, [N/A], 2.1, [N/A], [N/A], P0, 0x0000000000000000, Not Active, Not Active, Not Active, Not Active, Not Active, Not Active, 81559 MiB, 550 MiB, 532 MiB, 80475 MiB, 0 %, 0 %, 0 %, 0 %, 0 %, 34, 39, 116.35 W, 116.35 W, 116.22 W, 700.00 W, 700.00 W, 700.00 W, 1980 MHz, 1980 MHz, 2619 MHz, 1545 MHz, Enabled
2023/07/14 14:05:21.938, NVIDIA H800, GPU-deb3f1bc-44cc-a622-e825-35a2cfa67c22, 16, Enabled, None, 96.00.61.00.0B, [N/A], 2.1, [N/A], [N/A], P0, 0x0000000000000000, Not Active, Not Active, Not Active, Not Active, Not Active, Not Active, 81559 MiB, 550 MiB, 532 MiB, 80475 MiB, 0 %, 0 %, 0 %, 0 %, 0 %, 34, 39, 116.28 W, 116.28 W, 116.22 W, 700.00 W, 700.00 W, 700.00 W, 1980 MHz, 1980 MHz, 2619 MHz, 1545 MHz, Enabled
2023/07/14 14:05:23.000, NVIDIA H800, GPU-deb3f1bc-44cc-a622-e825-35a2cfa67c22, 16, Enabled, None, 96.00.61.00.0B, [N/A], 2.1, [N/A], [N/A], P0, 0x0000000000000000, Not Active, Not Active, Not Active, Not Active, Not Active, Not Active, 81559 MiB, 550 MiB, 532 MiB, 80475 MiB, 0 %, 0 %, 0 %, 0 %, 0 %, 34, 39, 116.41 W, 116.41 W, 116.22 W, 700.00 W, 700.00 W, 700.00 W, 1980 MHz, 1980 MHz, 2619 MHz, 1545 MHz, Enabled
2023/07/14 14:05:24.153, NVIDIA H800, GPU-deb3f1bc-44cc-a622-e825-35a2cfa67c22, 16, Enabled, None, 96.00.61.00.0B, [N/A], 2.1, [N/A], [N/A], P0, 0x0000000000000000, Not Active, Not Active, Not Active, Not Active, Not Active, Not Active, 81559 MiB, 550 MiB, 532 MiB, 80475 MiB, 0 %, 0 %, 0 %, 0 %, 0 %, 34, 40, 116.28 W, 116.28 W, 116.22 W, 700.00 W, 700.00 W, 700.00 W, 1980 MHz, 1980 MHz, 2619 MHz, 1545 MHz, Enabled
2023/07/14 14:05:25.322, NVIDIA H800, GPU-deb3f1bc-44cc-a622-e825-35a2cfa67c22, 16, Enabled, None, 96.00.61.00.0B, [N/A], 2.1, [N/A], [N/A], P0, 0x0000000000000000, Not Active, Not Active, Not Active, Not Active, Not Active, Not Active, 81559 MiB, 550 MiB, 532 MiB, 80475 MiB, 0 %, 0 %, 0 %, 0 %, 0 %, 34, 39, 116.33 W, 116.33 W, 116.54 W, 700.00 W, 700.00 W, 700.00 W, 1980 MHz, 1980 MHz, 2619 MHz, 1545 MHz, Enabled
2023/07/14 14:05:26.381, NVIDIA H800, GPU-deb3f1bc-44cc-a622-e825-35a2cfa67c22, 16, Enabled, None, 96.00.61.00.0B, [N/A], 2.1, [N/A], [N/A], P0, 0x0000000000000000, Not Active, Not Active, Not Active, Not Active, Not Active, Not Active, 81559 MiB, 550 MiB, 532 MiB, 80475 MiB, 0 %, 0 %, 0 %, 0 %, 0 %, 34, 39, 116.36 W, 116.36 W, 116.54 W, 700.00 W, 700.00 W, 700.00 W, 1980 MHz, 1980 MHz, 2619 MHz, 1545 MHz, Enabled
2023/07/14 14:05:27.426, NVIDIA H800, GPU-deb3f1bc-44cc-a622-e825-35a2cfa67c22, 16, Enabled, None, 96.00.61.00.0B, [N/A], 2.1, [N/A], [N/A], P0, 0x0000000000000000, Not Active, Not Active, Not Active, Not Active, Not Active, Not Active, 81559 MiB, 550 MiB, 532 MiB, 80475 MiB, 0 %, 0 %, 0 %, 0 %, 0 %, 34, 39, 116.28 W, 116.28 W, 116.54 W, 700.00 W, 700.00 W, 700.00 W, 1980 MHz, 1980 MHz, 2619 MHz, 1545 MHz, Enabled
2023/07/14 14:05:28.492, NVIDIA H800, GPU-deb3f1bc-44cc-a622-e825-35a2cfa67c22, 16, Enabled, None, 96.00.61.00.0B, [N/A], 2.1, [N/A], [N/A], P0, 0x0000000000000000, Not Active, Not Active, Not Active, Not Active, Not Active, Not Active, 81559 MiB, 550 MiB, 532 MiB, 80475 MiB, 0 %, 0 %, 0 %, 0 %, 0 %, 34, 39, 116.31 W, 116.31 W, 116.54 W, 700.00 W, 700.00 W, 700.00 W, 1980 MHz, 1980 MHz, 2619 MHz, 1545 MHz, Enabled
2023/07/14 14:05:29.510, NVIDIA H800, GPU-deb3f1bc-44cc-a622-e825-35a2cfa67c22, 16, Enabled, None, 96.00.61.00.0B, [N/A], 2.1, [N/A], [N/A], P0, 0x0000000000000000, Not Active, Not Active, Not Active, Not Active, Not Active, Not Active, 81559 MiB, 550 MiB, 532 MiB, 80475 MiB, 0 %, 0 %, 0 %, 0 %, 0 %, 34, 39, 116.31 W, 116.31 W, 116.22 W, 700.00 W, 700.00 W, 700.00 W, 1980 MHz, 1980 MHz, 2619 MHz, 1545 MHz, Enabled
2023/07/14 14:05:30.632, NVIDIA H800, GPU-deb3f1bc-44cc-a622-e825-35a2cfa67c22, 16, Enabled, None, 96.00.61.00.0B, [N/A], 2.1, [N/A], [N/A], P0, 0x0000000000000000, Not Active, Not Active, Not Active, Not Active, Not Active, Not Active, 81559 MiB, 550 MiB, 532 MiB, 80475 MiB, 0 %, 0 %, 0 %, 0 %, 0 %, 34, 39, 116.25 W, 116.25 W, 116.22 W, 700.00 W, 700.00 W, 700.00 W, 1980 MHz, 1980 MHz, 2619 MHz, 1545 MHz, Enabled
2023/07/14 14:05:31.734, NVIDIA H800, GPU-deb3f1bc-44cc-a622-e825-35a2cfa67c22, 16, Enabled, None, 96.00.61.00.0B, [N/A], 2.1, [N/A], [N/A], P0, 0x0000000000000000, Not Active, Not Active, Not Active, Not Active, Not Active, Not Active, 81559 MiB, 550 MiB, 532 MiB, 80475 MiB, 0 %, 0 %, 0 %, 0 %, 0 %, 34, 40, 116.35 W, 116.35 W, 116.22 W, 700.00 W, 700.00 W, 700.00 W, 1980 MHz, 1980 MHz, 2619 MHz, 1545 MHz, Enabled
2023/07/14 14:05:32.923, NVIDIA H800, GPU-deb3f1bc-44cc-a622-e825-35a2cfa67c22, 16, Enabled, None, 96.00.61.00.0B, [N/A], 2.1, [N/A], [N/A], P0, 0x0000000000000000, Not Active, Not Active, Not Active, Not Active, Not Active, Not Active, 81559 MiB, 550 MiB, 532 MiB, 80475 MiB, 0 %, 0 %, 0 %, 0 %, 0 %, 34, 39, 116.44 W, 116.42 W, 116.22 W, 700.00 W, 700.00 W, 700.00 W, 1980 MHz, 1980 MHz, 2619 MHz, 1545 MHz, Enabled
2023/07/14 14:05:34.110, NVIDIA H800, GPU-deb3f1bc-44cc-a622-e825-35a2cfa67c22, 16, Enabled, None, 96.00.61.00.0B, [N/A], 2.1, [N/A], [N/A], P0, 0x0000000000000000, Not Active, Not Active, Not Active, Not Active, Not Active, Not Active, 81559 MiB, 550 MiB, 532 MiB, 80475 MiB, 0 %, 0 %, 0 %, 0 %, 0 %, 34, 40, 116.28 W, 116.28 W, 116.22 W, 700.00 W, 700.00 W, 700.00 W, 1980 MHz, 1980 MHz, 2619 MHz, 1545 MHz, Enabled
2023/07/14 14:05:35.194, NVIDIA H800, GPU-deb3f1bc-44cc-a622-e825-35a2cfa67c22, 16, Enabled, None, 96.00.61.00.0B, [N/A], 2.1, [N/A], [N/A], P0, 0x0000000000000000, Not Active, Not Active, Not Active, Not Active, Not Active, Not Active, 81559 MiB, 550 MiB, 532 MiB, 80475 MiB, 0 %, 0 %, 0 %, 0 %, 0 %, 34, 39, 116.28 W, 116.28 W, 116.22 W, 700.00 W, 700.00 W, 700.00 W, 1980 MHz, 1980 MHz, 2619 MHz, 1545 MHz, Enabled
2023/07/14 14:05:36.198, NVIDIA H800, GPU-deb3f1bc-44cc-a622-e825-35a2cfa67c22, 16, Enabled, None, 96.00.61.00.0B, [N/A], 2.1, [N/A], [N/A], P0, 0x0000000000000000, Not Active, Not Active, Not Active, Not Active, Not Active, Not Active, 81559 MiB, 550 MiB, 532 MiB, 80475 MiB, 0 %, 0 %, 0 %, 0 %, 0 %, 34, 39, 116.38 W, 116.38 W, 116.54 W, 700.00 W, 700.00 W, 700.00 W, 1980 MHz, 1980 MHz, 2619 MHz, 1545 MHz, Enabled
2023/07/14 14:05:37.234, NVIDIA H800, GPU-deb3f1bc-44cc-a622-e825-35a2cfa67c22, 16, Enabled, None, 96.00.61.00.0B, [N/A], 2.1, [N/A], [N/A], P0, 0x0000000000000000, Not Active, Not Active, Not Active, Not Active, Not Active, Not Active, 81559 MiB, 550 MiB, 532 MiB, 80475 MiB, 0 %, 0 %, 0 %, 0 %, 0 %, 34, 40, 116.36 W, 116.36 W, 116.22 W, 700.00 W, 700.00 W, 700.00 W, 1980 MHz, 1980 MHz, 2619 MHz, 1545 MHz, Enabled
2023/07/14 14:05:38.328, NVIDIA H800, GPU-deb3f1bc-44cc-a622-e825-35a2cfa67c22, 16, Enabled, None, 96.00.61.00.0B, [N/A], 2.1, [N/A], [N/A], P0, 0x0000000000000000, Not Active, Not Active, Not Active, Not Active, Not Active, Not Active, 81559 MiB, 550 MiB, 532 MiB, 80475 MiB, 0 %, 0 %, 0 %, 0 %, 0 %, 34, 39, 116.30 W, 116.30 W, 116.22 W, 700.00 W, 700.00 W, 700.00 W, 1980 MHz, 1980 MHz, 2619 MHz, 1545 MHz, Enabled
2023/07/14 14:05:39.422, NVIDIA H800, GPU-deb3f1bc-44cc-a622-e825-35a2cfa67c22, 16, Enabled, None, 96.00.61.00.0B, [N/A], 2.1, [N/A], [N/A], P0, 0x0000000000000000, Not Active, Not Active, Not Active, Not Active, Not Active, Not Active, 81559 MiB, 550 MiB, 532 MiB, 80475 MiB, 0 %, 0 %, 0 %, 0 %, 0 %, 34, 39, 116.18 W, 116.18 W, 116.54 W, 700.00 W, 700.00 W, 700.00 W, 1980 MHz, 1980 MHz, 2619 MHz, 1545 MHz, Enabled
2023/07/14 14:05:40.507, NVIDIA H800, GPU-deb3f1bc-44cc-a622-e825-35a2cfa67c22, 16, Enabled, None, 96.00.61.00.0B, [N/A], 2.1, [N/A], [N/A], P0, 0x0000000000000000, Not Active, Not Active, Not Active, Not Active, Not Active, Not Active, 81559 MiB, 550 MiB, 532 MiB, 80475 MiB, 0 %, 0 %, 0 %, 0 %, 0 %, 34, 40, 116.38 W, 116.38 W, 116.54 W, 700.00 W, 700.00 W, 700.00 W, 1980 MHz, 1980 MHz, 2619 MHz, 1545 MHz, Enabled
2023/07/14 14:05:41.766, NVIDIA H800, GPU-deb3f1bc-44cc-a622-e825-35a2cfa67c22, 16, Enabled, None, 96.00.61.00.0B, [N/A], 2.1, [N/A], [N/A], P0, 0x0000000000000000, Not Active, Not Active, Not Active, Not Active, Not Active, Not Active, 81559 MiB, 550 MiB, 4 MiB, 81003 MiB, 0 %, 0 %, 0 %, 0 %, 0 %, 34, 39, 116.51 W, 116.51 W, 95.18 W, 700.00 W, 700.00 W, 700.00 W, 885 MHz, 885 MHz, 2619 MHz, 855 MHz, Enabled
2023/07/14 14:05:43.027, NVIDIA H800, GPU-deb3f1bc-44cc-a622-e825-35a2cfa67c22, 16, Enabled, None, 96.00.61.00.0B, [N/A], 2.1, [N/A], [N/A], P0, 0x0000000000000001, Active, Not Active, Not Active, Not Active, Not Active, Not Active, 81559 MiB, 550 MiB, 4 MiB, 81003 MiB, 0 %, 0 %, 0 %, 0 %, 0 %, 33, 39, 74.00 W, 74.00 W, 74.13 W, 700.00 W, 700.00 W, 700.00 W, 885 MHz, 885 MHz, 2619 MHz, 885 MHz, Enabled
2023/07/14 14:05:44.272, NVIDIA H800, GPU-deb3f1bc-44cc-a622-e825-35a2cfa67c22, 16, Enabled, None, 96.00.61.00.0B, [N/A], 2.1, [N/A], [N/A], P0, 0x0000000000000001, Active, Not Active, Not Active, Not Active, Not Active, Not Active, 81559 MiB, 550 MiB, 4 MiB, 81003 MiB, 0 %, 0 %, 0 %, 0 %, 0 %, 33, 39, 74.01 W, 74.02 W, 74.13 W, 700.00 W, 700.00 W, 700.00 W, 885 MHz, 885 MHz, 2619 MHz, 885 MHz, Enabled
2023/07/14 14:05:45.516, NVIDIA H800, GPU-deb3f1bc-44cc-a622-e825-35a2cfa67c22, 16, Enabled, None, 96.00.61.00.0B, [N/A], 2.1, [N/A], [N/A], P0, 0x0000000000000001, Active, Not Active, Not Active, Not Active, Not Active, Not Active, 81559 MiB, 550 MiB, 4 MiB, 81003 MiB, 0 %, 0 %, 0 %, 0 %, 0 %, 33, 39, 74.14 W, 74.14 W, 74.13 W, 700.00 W, 700.00 W, 700.00 W, 885 MHz, 885 MHz, 2619 MHz, 885 MHz, Enabled
2023/07/14 14:05:46.827, NVIDIA H800, GPU-deb3f1bc-44cc-a622-e825-35a2cfa67c22, 16, Enabled, None, 96.00.61.00.0B, [N/A], 2.1, [N/A], [N/A], P0, 0x0000000000000001, Active, Not Active, Not Active, Not Active, Not Active, Not Active, 81559 MiB, 550 MiB, 4 MiB, 81003 MiB, 0 %, 0 %, 0 %, 0 %, 0 %, 33, 39, 74.02 W, 74.02 W, 74.13 W, 700.00 W, 700.00 W, 700.00 W, 840 MHz, 885 MHz, 2619 MHz, 900 MHz, Enabled
2023/07/14 14:05:48.249, NVIDIA H800, GPU-deb3f1bc-44cc-a622-e825-35a2cfa67c22, 16, Enabled, None, 96.00.61.00.0B, [N/A], 2.1, [N/A], [N/A], P0, 0x0000000000000001, Active, Not Active, Not Active, Not Active, Not Active, Not Active, 81559 MiB, 550 MiB, 4 MiB, 81003 MiB, 0 %, 0 %, 0 %, 0 %, 0 %, 33, 39, 74.10 W, 74.07 W, 73.81 W, 700.00 W, 700.00 W, 700.00 W, 885 MHz, 885 MHz, 2619 MHz, 870 MHz, Enabled
2023/07/14 14:05:49.786, NVIDIA H800, GPU-deb3f1bc-44cc-a622-e825-35a2cfa67c22, 16, Enabled, None, 96.00.61.00.0B, [N/A], 2.1, [N/A], [N/A], P0, 0x0000000000000001, Active, Not Active, Not Active, Not Active, Not Active, Not Active, 81559 MiB, 550 MiB, 4 MiB, 81003 MiB, 0 %, 0 %, 0 %, 0 %, 0 %, 33, 39, 73.91 W, 73.93 W, 74.13 W, 700.00 W, 700.00 W, 700.00 W, 885 MHz, 885 MHz, 2619 MHz, 900 MHz, Enabled
2023/07/14 14:05:51.530, NVIDIA H800, GPU-deb3f1bc-44cc-a622-e825-35a2cfa67c22, 16, Enabled, None, 96.00.61.00.0B, [N/A], 2.1, [N/A], [N/A], P0, 0x0000000000000001, Active, Not Active, Not Active, Not Active, Not Active, Not Active, 81559 MiB, 550 MiB, 4 MiB, 81003 MiB, 0 %, 0 %, 0 %, 0 %, 0 %, 33, 39, 74.07 W, 74.07 W, 74.13 W, 700.00 W, 700.00 W, 700.00 W, 885 MHz, 885 MHz, 2619 MHz, 765 MHz, Enabled
2023/07/14 14:05:53.052, NVIDIA H800, GPU-deb3f1bc-44cc-a622-e825-35a2cfa67c22, 16, Enabled, None, 96.00.61.00.0B, [N/A], 2.1, [N/A], [N/A], P0, 0x0000000000000001, Active, Not Active, Not Active, Not Active, Not Active, Not Active, 81559 MiB, 550 MiB, 4 MiB, 81003 MiB, 0 %, 0 %, 0 %, 0 %, 0 %, 33, 39, 73.56 W, 73.56 W, 73.81 W, 700.00 W, 700.00 W, 700.00 W, 885 MHz, 885 MHz, 2619 MHz, 885 MHz, Enabled
2023/07/14 14:05:54.458, NVIDIA H800, GPU-deb3f1bc-44cc-a622-e825-35a2cfa67c22, 16, Enabled, None, 96.00.61.00.0B, [N/A], 2.1, [N/A], [N/A], P0, 0x0000000000000001, Active, Not Active, Not Active, Not Active, Not Active, Not Active, 81559 MiB, 550 MiB, 4 MiB, 81003 MiB, 0 %, 0 %, 0 %, 0 %, 0 %, 32, 39, 73.88 W, 73.88 W, 74.13 W, 700.00 W, 700.00 W, 700.00 W, 825 MHz, 825 MHz, 2619 MHz, 885 MHz, Enabled
2023/07/14 14:05:55.849, NVIDIA H800, GPU-deb3f1bc-44cc-a622-e825-35a2cfa67c22, 16, Enabled, None, 96.00.61.00.0B, [N/A], 2.1, [N/A], [N/A], P0, 0x0000000000000001, Active, Not Active, Not Active, Not Active, Not Active, Not Active, 81559 MiB, 550 MiB, 4 MiB, 81003 MiB, 0 %, 0 %, 0 %, 0 %, 0 %, 32, 39, 73.84 W, 73.91 W, 73.81 W, 700.00 W, 700.00 W, 700.00 W, 885 MHz, 885 MHz, 2619 MHz, 885 MHz, Enabled
2023/07/14 14:05:57.281, NVIDIA H800, GPU-deb3f1bc-44cc-a622-e825-35a2cfa67c22, 16, Enabled, None, 96.00.61.00.0B, [N/A], 2.1, [N/A], [N/A], P0, 0x0000000000000001, Active, Not Active, Not Active, Not Active, Not Active, Not Active, 81559 MiB, 550 MiB, 4 MiB, 81003 MiB, 0 %, 0 %, 0 %, 0 %, 0 %, 32, 39, 73.99 W, 73.96 W, 73.81 W, 700.00 W, 700.00 W, 700.00 W, 885 MHz, 885 MHz, 2619 MHz, 765 MHz, Enabled
2023/07/14 14:05:59.001, NVIDIA H800, GPU-deb3f1bc-44cc-a622-e825-35a2cfa67c22, 16, Enabled, None, 96.00.61.00.0B, [N/A], 2.1, [N/A], [N/A], P0, 0x0000000000000001, Active, Not Active, Not Active, Not Active, Not Active, Not Active, 81559 MiB, 550 MiB, 4 MiB, 81003 MiB, 0 %, 0 %, 0 %, 0 %, 0 %, 32, 39, 73.47 W, 73.44 W, 74.13 W, 700.00 W, 700.00 W, 700.00 W, 885 MHz, 885 MHz, 2619 MHz, 765 MHz, Enabled
2023/07/14 14:06:00.413, NVIDIA H800, GPU-deb3f1bc-44cc-a622-e825-35a2cfa67c22, 16, Enabled, None, 96.00.61.00.0B, [N/A], 2.1, [N/A], [N/A], P0, 0x0000000000000001, Active, Not Active, Not Active, Not Active, Not Active, Not Active, 81559 MiB, 550 MiB, 4 MiB, 81003 MiB, 0 %, 0 %, 0 %, 0 %, 0 %, 32, 39, 73.47 W, 73.47 W, 74.13 W, 700.00 W, 700.00 W, 700.00 W, 885 MHz, 885 MHz, 2619 MHz, 885 MHz, Enabled
2023/07/14 14:06:01.996, NVIDIA H800, GPU-deb3f1bc-44cc-a622-e825-35a2cfa67c22, 16, Enabled, None, 96.00.61.00.0B, [N/A], 2.1, [N/A], [N/A], P0, 0x0000000000000001, Active, Not Active, Not Active, Not Active, Not Active, Not Active, 81559 MiB, 550 MiB, 4 MiB, 81003 MiB, 0 %, 0 %, 0 %, 0 %, 0 %, 32, 39, 73.94 W, 73.96 W, 73.49 W, 700.00 W, 700.00 W, 700.00 W, 885 MHz, 885 MHz, 2619 MHz, 885 MHz, Enabled
2023/07/14 14:06:03.581, NVIDIA H800, GPU-deb3f1bc-44cc-a622-e825-35a2cfa67c22, 16, Enabled, None, 96.00.61.00.0B, [N/A], 2.1, [N/A], [N/A], P0, 0x0000000000000001, Active, Not Active, Not Active, Not Active, Not Active, Not Active, 81559 MiB, 550 MiB, 4 MiB, 81003 MiB, 0 %, 0 %, 0 %, 0 %, 0 %, 32, 39, 73.81 W, 73.81 W, 74.13 W, 700.00 W, 700.00 W, 700.00 W, 885 MHz, 885 MHz, 2619 MHz, 840 MHz, Enabled
2023/07/14 14:06:04.933, NVIDIA H800, GPU-deb3f1bc-44cc-a622-e825-35a2cfa67c22, 16, Enabled, None, 96.00.61.00.0B, [N/A], 2.1, [N/A], [N/A], P0, 0x0000000000000001, Active, Not Active, Not Active, Not Active, Not Active, Not Active, 81559 MiB, 550 MiB, 4 MiB, 81003 MiB, 0 %, 0 %, 0 %, 0 %, 0 %, 32, 39, 73.69 W, 73.69 W, 73.81 W, 700.00 W, 700.00 W, 700.00 W, 885 MHz, 885 MHz, 2619 MHz, 885 MHz, Enabled
2023/07/14 14:06:06.433, NVIDIA H800, GPU-deb3f1bc-44cc-a622-e825-35a2cfa67c22, 16, Enabled, None, 96.00.61.00.0B, [N/A], 2.1, [N/A], [N/A], P0, 0x0000000000000001, Active, Not Active, Not Active, Not Active, Not Active, Not Active, 81559 MiB, 550 MiB, 4 MiB, 81003 MiB, 0 %, 0 %, 0 %, 0 %, 0 %, 32, 39, 73.87 W, 73.87 W, 73.81 W, 700.00 W, 700.00 W, 700.00 W, 885 MHz, 885 MHz, 2619 MHz, 870 MHz, Enabled
2023/07/14 14:06:07.883, NVIDIA H800, GPU-deb3f1bc-44cc-a622-e825-35a2cfa67c22, 16, Enabled, None, 96.00.61.00.0B, [N/A], 2.1, [N/A], [N/A], P0, 0x0000000000000001, Active, Not Active, Not Active, Not Active, Not Active, Not Active, 81559 MiB, 550 MiB, 4 MiB, 81003 MiB, 0 %, 0 %, 0 %, 0 %, 0 %, 32, 39, 73.97 W, 73.94 W, 73.81 W, 700.00 W, 700.00 W, 700.00 W, 885 MHz, 885 MHz, 2619 MHz, 885 MHz, Enabled
2023/07/14 14:06:09.263, NVIDIA H800, GPU-deb3f1bc-44cc-a622-e825-35a2cfa67c22, 16, Enabled, None, 96.00.61.00.0B, [N/A], 2.1, [N/A], [N/A], P0, 0x0000000000000001, Active, Not Active, Not Active, Not Active, Not Active, Not Active, 81559 MiB, 550 MiB, 4 MiB, 81003 MiB, 0 %, 0 %, 0 %, 0 %, 0 %, 32, 38, 73.93 W, 73.91 W, 73.49 W, 700.00 W, 700.00 W, 700.00 W, 885 MHz, 885 MHz, 2619 MHz, 885 MHz, Enabled
2023/07/14 14:06:10.629, NVIDIA H800, GPU-deb3f1bc-44cc-a622-e825-35a2cfa67c22, 16, Enabled, None, 96.00.61.00.0B, [N/A], 2.1, [N/A], [N/A], P0, 0x0000000000000001, Active, Not Active, Not Active, Not Active, Not Active, Not Active, 81559 MiB, 550 MiB, 4 MiB, 81003 MiB, 0 %, 0 %, 0 %, 0 %, 0 %, 32, 39, 73.94 W, 73.94 W, 73.81 W, 700.00 W, 700.00 W, 700.00 W, 885 MHz, 885 MHz, 2619 MHz, 885 MHz, Enabled
2023/07/14 14:06:12.320, NVIDIA H800, GPU-deb3f1bc-44cc-a622-e825-35a2cfa67c22, 16, Enabled, None, 96.00.61.00.0B, [N/A], 2.1, [N/A], [N/A], P0, 0x0000000000000001, Active, Not Active, Not Active, Not Active, Not Active, Not Active, 81559 MiB, 550 MiB, 4 MiB, 81003 MiB, 0 %, 0 %, 0 %, 0 %, 0 %, 32, 39, 73.84 W, 73.84 W, 73.81 W, 700.00 W, 700.00 W, 700.00 W, 885 MHz, 885 MHz, 2619 MHz, 885 MHz, Enabled
2023/07/14 14:06:13.571, NVIDIA H800, GPU-deb3f1bc-44cc-a622-e825-35a2cfa67c22, 16, Enabled, None, 96.00.61.00.0B, [N/A], 2.1, [N/A], [N/A], P0, 0x0000000000000001, Active, Not Active, Not Active, Not Active, Not Active, Not Active, 81559 MiB, 550 MiB, 4 MiB, 81003 MiB, 0 %, 0 %, 0 %, 0 %, 0 %, 32, 39, 73.65 W, 73.65 W, 73.81 W, 700.00 W, 700.00 W, 700.00 W, 885 MHz, 825 MHz, 2619 MHz, 765 MHz, Enabled
